"2025/ni-cve-2025-64469.json","2025-12-11T06:00:00.000Z"
"2025/ni_cve-2025-64461.json","2025-12-11T06:00:00.000Z"
"2025/ni_cve-2025-64462.json","2025-12-11T06:00:00.000Z"
"2025/ni_cve-2025-64463.json","2025-12-11T06:00:00.000Z"
"2025/ni_cve-2025-64464.json","2025-12-11T06:00:00.000Z"
"2025/ni_cve-2025-64465.json","2025-12-11T06:00:00.000Z"
"2025/ni_cve-2025-64466.json","2025-12-11T06:00:00.000Z"
"2025/ni_cve-2025-64467.json","2025-12-11T06:00:00.000Z"
"2025/ni_cve-2025-64468.json","2025-12-11T06:00:00.000Z"
"2024/ni_cve-2024-4079.json","2024-07-23T00:00:00.000Z"
"2024/ni_cve-2024-4080.json","2024-07-23T00:00:00.000Z"
"2024/ni_cve-2024-4081.json","2024-07-23T00:00:00.000Z"
"2024/ni_cve-2024-6675.json","2024-07-22T00:00:00.000Z"
